hour,segments,device,result
9,51,Smartphone,1
9,51,Tablet,1
9,91,Smartphone,1
9,331,Desktop,1
9,41,Smartphone,1
9,141,Smartphone,1
9,251,Desktop,1
9,11,Smartphone,1
9,271,Smartphone,1
9,251,Tablet,1
9,71,Tablet,1
9,11,Desktop,1
9,151,Tablet,1
9,111,Tablet,1
9,341,Smartphone,1
9,221,Smartphone,1
9,281,Smartphone,1
9,281,Tablet,1
9,331,Smartphone,1
9,241,Smartphone,1
9,21,Smartphone,1
9,261,Smartphone,1
9,301,Smartphone,1
9,161,Smartphone,1
9,101,Tablet,1
9,311,Tablet,1
9,251,Smartphone,1
9,131,Tablet,1
9,71,Smartphone,1
9,151,Desktop,1
9,231,Tablet,1
9,41,Tablet,1
9,321,Smartphone,1
9,231,Smartphone,1
9,21,Desktop,1
9,141,Tablet,1
9,31,Smartphone,1
9,11,Tablet,1
9,101,Smartphone,1
9,291,Smartphone,1
9,01,Tablet,1
9,91,Tablet,1
9,171,Smartphone,1
9,231,Desktop,1
9,131,Smartphone,1
9,61,Tablet,1
9,31,Desktop,1
9,291,Tablet,1
9,311,Smartphone,1
9,211,Tablet,1
9,241,Tablet,1
9,71,Desktop,1
9,241,Desktop,1
9,181,Tablet,1
9,261,Tablet,1
9,301,Tablet,1
9,171,Tablet,1
9,201,Tablet,1
9,341,Tablet,1
9,31,Tablet,1
9,61,Smartphone,1
9,321,Tablet,1
9,21,Tablet,1
9,181,Smartphone,1
9,81,Tablet,1
9,271,Desktop,1
9,341,Desktop,1
9,331,Tablet,1
9,271,Tablet,1
9,01,Smartphone,1
9,261,Desktop,1
9,121,Smartphone,1
9,321,Desktop,1
9,01,Desktop,1
9,191,Smartphone,1
8,241,Smartphone,0
8,51,Smartphone,0
8,151,Desktop,0
8,291,Smartphone,0
8,251,Smartphone,0
8,71,Tablet,0
8,131,Smartphone,0
8,341,Smartphone,1
8,101,Smartphone,1
8,321,Smartphone,0
8,321,Desktop,0
8,211,Smartphone,0
8,161,Tablet,0
8,241,Tablet,1
8,151,Smartphone,0
8,241,Desktop,0
8,171,Smartphone,1
8,101,Smartphone,0
8,281,Smartphone,0
8,171,Desktop,0
8,341,Smartphone,0
8,11,Tablet,0
8,221,Tablet,0
8,301,Smartphone,0
8,21,Smartphone,1
8,151,Tablet,1
8,321,Tablet,1
8,71,Desktop,0
8,281,Desktop,0
8,41,Smartphone,1
8,51,Tablet,0
8,261,Tablet,0
8,251,Smartphone,1
8,221,Desktop,0
8,281,Smartphone,1
8,261,Desktop,1
8,11,Tablet,1
8,301,Tablet,1
8,31,Desktop,0
8,71,Smartphone,1
8,181,Tablet,1
8,101,Desktop,0
8,131,Tablet,1
8,211,Tablet,0
8,291,Tablet,0
8,01,Tablet,0
8,191,Smartphone,0
8,291,Desktop,1
8,141,Desktop,0
8,191,Tablet,1
8,341,Tablet,1
8,41,Tablet,0
8,201,Smartphone,0
8,311,Tablet,1
8,51,Desktop,0
8,161,Desktop,0
8,211,Smartphone,1
8,331,Tablet,1
8,271,Smartphone,0
8,141,Tablet,0
8,181,Desktop,0
8,271,Desktop,0
8,131,Desktop,0
8,31,Smartphone,1
8,271,Tablet,1
8,121,Desktop,0
8,341,Desktop,0
8,31,Smartphone,0
8,211,Desktop,0
8,301,Desktop,0
8,261,Tablet,1
8,291,Tablet,1
8,281,Tablet,1
8,301,Smartphone,1
8,121,Smartphone,1
8,31,Tablet,1
8,71,Smartphone,0
8,111,Smartphone,0
8,261,Smartphone,0
8,141,Smartphone,0
8,271,Smartphone,1
8,01,Desktop,0
8,341,Desktop,1
8,71,Desktop,1
8,281,Tablet,0
8,51,Smartphone,1
8,341,Tablet,0
8,331,Desktop,1
8,21,Desktop,1
8,331,Tablet,0
8,171,Smartphone,0
8,11,Smartphone,0
8,311,Desktop,0
8,51,Tablet,1
8,61,Tablet,1
8,211,Tablet,1
8,21,Smartphone,0
8,291,Desktop,0
8,161,Smartphone,1
8,331,Desktop,0
8,41,Tablet,1
8,11,Desktop,0
8,81,Smartphone,0
8,201,Tablet,0
8,81,Desktop,0
8,141,Smartphone,1
8,201,Desktop,1
8,191,Smartphone,1
8,01,Tablet,1
8,161,Smartphone,0
8,241,Smartphone,1
8,91,Desktop,0
8,201,Smartphone,1
8,201,Desktop,0
8,91,Smartphone,0
8,241,Tablet,0
8,261,Desktop,0
8,181,Smartphone,0
8,231,Desktop,0
8,61,Desktop,0
8,231,Smartphone,1
8,311,Tablet,0
8,21,Tablet,1
8,21,Tablet,0
8,61,Smartphone,1
8,321,Desktop,1
8,121,Smartphone,0
8,331,Smartphone,0
8,111,Desktop,0
8,191,Desktop,0
8,251,Desktop,0
8,251,Tablet,0
8,261,Smartphone,1
8,01,Smartphone,1
8,131,Smartphone,1
8,01,Smartphone,0
8,221,Smartphone,1
8,331,Smartphone,1
8,231,Smartphone,0
8,11,Smartphone,1
8,31,Tablet,0
8,61,Smartphone,0
8,251,Tablet,1
8,311,Smartphone,0
8,21,Desktop,0
8,41,Smartphone,0
8,81,Smartphone,1
8,41,Desktop,0
8,231,Tablet,1
8,291,Smartphone,1
8,151,Smartphone,1
8,221,Smartphone,0
8,321,Smartphone,1
8,171,Tablet,1
8,221,Tablet,1
8,311,Smartphone,1
8,181,Smartphone,1
8,91,Tablet,1
7,11,Smartphone,0
7,261,Smartphone,0
7,61,Tablet,0
7,291,Smartphone,0
7,201,Tablet,1
7,101,Desktop,0
7,331,Desktop,1
7,291,Desktop,0
7,131,Smartphone,1
7,291,Smartphone,1
7,281,Desktop,0
7,71,Tablet,1
7,161,Desktop,0
7,01,Smartphone,0
7,81,Smartphone,0
7,311,Tablet,0
7,321,Smartphone,0
7,341,Tablet,1
7,151,Desktop,0
7,231,Tablet,0
7,341,Smartphone,1
7,91,Tablet,1
7,341,Desktop,1
7,71,Desktop,0
7,331,Desktop,0
7,21,Desktop,0
7,41,Desktop,0
7,331,Smartphone,0
7,141,Smartphone,0
7,191,Smartphone,1
7,151,Smartphone,1
7,251,Smartphone,0
7,91,Desktop,0
7,191,Tablet,0
7,51,Smartphone,1
7,301,Smartphone,0
7,181,Desktop,0
7,21,Desktop,1
7,111,Tablet,0
7,261,Desktop,1
7,171,Smartphone,0
7,01,Smartphone,1
7,21,Tablet,1
7,61,Smartphone,1
7,221,Smartphone,0
7,341,Tablet,0
7,191,Smartphone,0
7,21,Tablet,0
7,41,Desktop,1
7,81,Tablet,1
7,81,Smartphone,1
7,21,Smartphone,0
7,311,Smartphone,0
7,271,Smartphone,0
7,251,Tablet,0
7,31,Smartphone,1
7,241,Tablet,1
7,241,Smartphone,1
7,241,Smartphone,0
7,51,Smartphone,0
7,211,Tablet,0
7,11,Smartphone,1
7,251,Tablet,1
7,71,Smartphone,0
7,51,Tablet,0
7,251,Desktop,0
7,151,Tablet,0
7,31,Desktop,0
7,151,Tablet,1
7,41,Smartphone,1
7,281,Smartphone,0
7,201,Smartphone,1
7,171,Desktop,0
7,161,Tablet,1
7,311,Smartphone,1
7,241,Desktop,1
7,341,Smartphone,0
7,31,Smartphone,0
7,161,Smartphone,1
7,21,Smartphone,1
7,221,Smartphone,1
7,111,Desktop,0
7,291,Tablet,1
7,131,Tablet,0
7,331,Tablet,0
7,301,Tablet,1
7,11,Desktop,1
7,151,Smartphone,0
7,121,Smartphone,1
7,311,Desktop,0
7,271,Tablet,1
7,61,Desktop,0
7,241,Desktop,0
7,101,Tablet,1
7,111,Smartphone,0
7,101,Smartphone,1
7,181,Tablet,0
7,281,Tablet,0
7,111,Tablet,1
7,91,Smartphone,1
7,301,Desktop,0
7,261,Tablet,1
7,321,Tablet,1
7,111,Smartphone,1
7,301,Smartphone,1
7,321,Smartphone,1
7,281,Tablet,1
7,41,Tablet,1
7,61,Tablet,1
7,271,Desktop,0
7,341,Desktop,0
7,41,Tablet,0
7,231,Tablet,1
7,141,Desktop,0
7,331,Smartphone,1
7,251,Smartphone,1
7,51,Tablet,1
7,201,Smartphone,0
7,01,Tablet,1
7,191,Desktop,0
7,211,Tablet,1
7,221,Desktop,1
7,101,Smartphone,0
7,171,Smartphone,1
7,11,Tablet,1
7,181,Smartphone,0
7,261,Tablet,0
7,01,Desktop,0
7,51,Desktop,0
7,231,Smartphone,0
7,211,Smartphone,0
7,11,Tablet,0
7,11,Desktop,0
7,131,Smartphone,0
7,71,Smartphone,1
7,31,Tablet,1
7,91,Desktop,1
7,191,Tablet,1
7,121,Desktop,0
7,261,Smartphone,1
7,261,Desktop,0
7,91,Smartphone,0
7,01,Tablet,0
7,211,Smartphone,1
7,331,Tablet,1
7,41,Smartphone,0
7,171,Tablet,1
7,61,Smartphone,0
7,141,Tablet,1
7,221,Tablet,1
7,121,Smartphone,0
7,131,Desktop,0
7,311,Tablet,1
7,81,Tablet,0
7,161,Tablet,0
7,271,Smartphone,1
7,221,Desktop,0
7,81,Desktop,0
7,231,Smartphone,1
7,161,Smartphone,0
7,321,Desktop,0
6,01,Smartphone,0
6,61,Desktop,1
6,01,Smartphone,1
6,251,Desktop,1
6,61,Smartphone,0
6,11,Desktop,0
6,341,Tablet,1
6,81,Smartphone,0
6,311,Tablet,1
6,71,Desktop,0
6,251,Smartphone,0
6,31,Smartphone,1
6,331,Tablet,1
6,111,Desktop,0
6,231,Desktop,0
6,211,Smartphone,0
6,41,Desktop,1
6,321,Smartphone,0
6,341,Smartphone,0
6,211,Desktop,0
6,101,Tablet,0
6,101,Tablet,1
6,241,Tablet,1
6,301,Smartphone,1
6,321,Tablet,1
6,11,Desktop,1
6,201,Tablet,1
6,191,Desktop,0
6,31,Desktop,0
6,41,Smartphone,1
6,91,Smartphone,0
6,21,Smartphone,0
6,191,Tablet,0
6,21,Tablet,0
6,121,Desktop,1
6,41,Tablet,1
6,271,Smartphone,0
6,181,Smartphone,0
6,161,Smartphone,1
6,321,Tablet,0
6,281,Desktop,1
6,61,Smartphone,1
6,331,Desktop,0
6,81,Desktop,0
6,11,Smartphone,1
6,161,Desktop,0
6,281,Tablet,1
6,131,Desktop,0
6,291,Tablet,0
6,271,Smartphone,1
6,181,Tablet,1
6,171,Smartphone,0
6,101,Smartphone,0
6,51,Smartphone,1
6,71,Desktop,1
6,111,Smartphone,0
6,281,Desktop,0
6,61,Tablet,1
6,241,Smartphone,1
6,341,Desktop,1
6,201,Smartphone,0
6,221,Smartphone,0
6,91,Tablet,1
6,211,Tablet,1
6,51,Tablet,1
6,221,Smartphone,1
6,311,Smartphone,0
6,41,Smartphone,0
6,251,Desktop,0
6,261,Tablet,1
6,111,Tablet,0
6,01,Desktop,1
6,341,Tablet,0
6,211,Smartphone,1
6,21,Tablet,1
6,281,Smartphone,1
6,331,Smartphone,1
6,301,Desktop,0
6,51,Smartphone,0
6,181,Smartphone,1
6,161,Tablet,1
6,331,Desktop,1
6,261,Desktop,0
6,261,Smartphone,0
6,141,Smartphone,1
6,51,Tablet,0
6,161,Smartphone,0
6,301,Smartphone,0
6,261,Smartphone,1
6,311,Tablet,0
6,61,Tablet,0
6,71,Smartphone,1
6,11,Tablet,0
6,341,Smartphone,1
6,101,Desktop,0
6,91,Smartphone,1
6,291,Tablet,1
6,41,Desktop,0
6,31,Smartphone,0
6,191,Smartphone,0
6,311,Smartphone,1
6,241,Desktop,1
6,341,Desktop,0
6,171,Tablet,1
6,151,Tablet,1
6,241,Desktop,0
6,151,Smartphone,0
6,191,Smartphone,1
6,31,Tablet,0
6,301,Tablet,1
6,331,Smartphone,0
6,21,Smartphone,1
6,71,Smartphone,0
6,261,Tablet,0
6,71,Tablet,0
6,321,Desktop,0
6,111,Smartphone,1
6,121,Smartphone,1
6,141,Smartphone,0
6,61,Desktop,0
6,241,Smartphone,0
6,111,Tablet,1
6,281,Smartphone,0
6,81,Smartphone,1
6,01,Tablet,1
6,271,Tablet,1
6,241,Tablet,0
6,101,Smartphone,1
6,121,Smartphone,0
6,231,Smartphone,1
6,251,Smartphone,1
6,201,Smartphone,1
6,271,Desktop,0
6,151,Smartphone,1
6,21,Desktop,1
6,21,Desktop,0
6,311,Desktop,0
6,51,Desktop,0
6,01,Tablet,0
6,301,Tablet,0
6,11,Smartphone,0
6,261,Desktop,1
6,251,Tablet,0
6,231,Smartphone,0
6,171,Tablet,0
6,141,Desktop,0
6,131,Smartphone,0
6,291,Desktop,0
6,131,Smartphone,1
6,291,Smartphone,0
6,331,Tablet,0
6,171,Desktop,0
6,271,Tablet,0
6,251,Tablet,1
6,141,Tablet,1
6,31,Tablet,1
6,81,Tablet,1
6,121,Desktop,0
6,71,Tablet,1
6,11,Tablet,1
6,91,Desktop,0
6,181,Desktop,1
6,321,Smartphone,1
5,01,Tablet,1
5,241,Tablet,1
5,171,Desktop,0
5,01,Smartphone,0
5,181,Tablet,1
5,261,Smartphone,1
5,341,Desktop,0
5,311,Smartphone,0
5,251,Tablet,0
5,291,Smartphone,0
5,321,Smartphone,0
5,171,Smartphone,0
5,181,Smartphone,1
5,21,Smartphone,0
5,161,Smartphone,0
5,51,Tablet,0
5,331,Tablet,0
5,331,Tablet,1
5,41,Tablet,1
5,281,Smartphone,0
5,71,Tablet,1
5,61,Smartphone,1
5,261,Smartphone,0
5,221,Tablet,0
5,61,Smartphone,0
5,221,Smartphone,0
5,211,Smartphone,0
5,251,Smartphone,1
5,201,Smartphone,0
5,141,Smartphone,1
5,81,Tablet,1
5,261,Tablet,1
5,311,Smartphone,1
5,301,Smartphone,0
5,121,Smartphone,1
5,01,Smartphone,1
5,331,Smartphone,0
5,171,Tablet,0
5,261,Desktop,0
5,41,Tablet,0
5,11,Tablet,1
5,21,Tablet,1
5,131,Smartphone,1
5,181,Desktop,0
5,101,Smartphone,0
5,321,Tablet,0
5,81,Smartphone,0
5,311,Desktop,0
5,141,Smartphone,0
5,31,Tablet,1
5,11,Smartphone,0
5,01,Tablet,0
5,271,Smartphone,0
5,291,Smartphone,1
5,91,Smartphone,0
5,01,Desktop,0
5,31,Desktop,0
5,291,Tablet,1
5,241,Desktop,0
5,31,Smartphone,0
5,321,Tablet,1
5,61,Desktop,0
5,191,Smartphone,0
5,201,Tablet,1
5,341,Smartphone,1
5,131,Tablet,1
5,241,Smartphone,1
5,161,Tablet,1
5,111,Smartphone,0
5,71,Smartphone,0
5,321,Desktop,0
5,161,Smartphone,1
5,321,Smartphone,1
5,121,Tablet,1
5,251,Desktop,0
5,221,Tablet,1
5,341,Tablet,1
5,331,Desktop,1
5,231,Smartphone,1
5,101,Smartphone,1
5,341,Smartphone,0
5,51,Smartphone,0
5,221,Desktop,0
5,251,Smartphone,0
5,191,Smartphone,1
5,171,Smartphone,1
5,341,Tablet,0
5,231,Smartphone,0
5,161,Desktop,0
5,11,Desktop,0
5,101,Tablet,0
5,301,Desktop,0
5,311,Tablet,1
5,191,Desktop,0
5,41,Smartphone,0
5,231,Tablet,1
5,141,Tablet,1
5,31,Smartphone,1
5,01,Desktop,1
5,241,Smartphone,0
5,281,Tablet,1
5,121,Smartphone,0
5,111,Smartphone,1
5,271,Desktop,1
5,281,Tablet,0
5,261,Tablet,0
5,251,Tablet,1
5,331,Smartphone,1
5,11,Smartphone,1
5,151,Tablet,1
5,331,Desktop,0
5,271,Desktop,0
5,221,Smartphone,1
5,21,Desktop,1
5,271,Smartphone,1
5,91,Smartphone,1
5,151,Smartphone,0
5,251,Desktop,1
5,141,Desktop,0
5,181,Smartphone,0
5,281,Desktop,0
5,301,Tablet,1
5,341,Desktop,1
5,261,Desktop,1
5,11,Tablet,0
5,291,Desktop,0
5,151,Smartphone,1
4,121,Smartphone,0
4,331,Smartphone,0
4,191,Desktop,0
4,71,Smartphone,0
4,31,Smartphone,0
4,241,Smartphone,1
4,281,Smartphone,1
4,261,Desktop,0
4,251,Smartphone,1
4,101,Smartphone,0
4,31,Tablet,1
4,221,Desktop,0
4,341,Desktop,1
4,251,Smartphone,0
4,51,Smartphone,1
4,211,Smartphone,0
4,21,Smartphone,0
4,241,Tablet,1
4,51,Tablet,1
4,21,Desktop,0
4,251,Tablet,0
4,91,Smartphone,0
4,221,Smartphone,0
4,321,Smartphone,1
4,331,Tablet,1
4,131,Smartphone,1
4,261,Smartphone,1
4,01,Tablet,1
4,121,Smartphone,1
4,301,Smartphone,0
4,341,Tablet,0
4,341,Smartphone,1
4,21,Smartphone,1
4,41,Smartphone,0
4,141,Smartphone,0
4,111,Tablet,1
4,341,Smartphone,0
4,271,Desktop,0
4,201,Smartphone,0
4,301,Desktop,0
4,151,Tablet,0
4,61,Tablet,1
4,11,Tablet,1
4,01,Tablet,0
4,271,Smartphone,0
4,151,Smartphone,0
4,41,Smartphone,1
4,01,Desktop,1
4,71,Tablet,1
4,261,Tablet,0
4,161,Desktop,0
4,331,Tablet,0
4,271,Tablet,1
4,341,Desktop,0
4,111,Smartphone,0
4,121,Tablet,1
4,171,Tablet,1
4,01,Smartphone,0
4,81,Smartphone,0
4,91,Desktop,0
4,211,Tablet,1
4,261,Tablet,1
4,261,Smartphone,0
4,241,Smartphone,0
4,171,Smartphone,0
4,51,Smartphone,0
4,21,Tablet,1
4,11,Smartphone,1
4,231,Smartphone,0
4,341,Tablet,1
4,331,Smartphone,1
4,61,Smartphone,0
4,11,Tablet,0
4,81,Tablet,1
4,21,Desktop,1
4,271,Smartphone,1
4,191,Smartphone,0
4,41,Desktop,1
4,131,Smartphone,0
4,321,Smartphone,0
4,01,Smartphone,1
4,11,Smartphone,0
4,181,Smartphone,1
4,311,Smartphone,1
4,291,Smartphone,1
4,331,Desktop,0
4,311,Tablet,0
4,251,Tablet,1
4,41,Tablet,1
4,141,Smartphone,1
4,291,Tablet,1
3,341,Desktop,1
3,261,Desktop,0
3,201,Tablet,1
3,31,Desktop,0
3,251,Desktop,1
3,151,Smartphone,0
3,331,Tablet,1
3,21,Tablet,0
3,191,Smartphone,0
3,61,Desktop,0
3,31,Smartphone,0
3,261,Smartphone,1
3,01,Desktop,0
3,111,Smartphone,0
3,271,Desktop,0
3,301,Desktop,1
3,341,Tablet,1
3,321,Tablet,1
3,331,Tablet,0
3,331,Smartphone,1
3,21,Desktop,0
3,161,Smartphone,0
3,311,Smartphone,0
3,241,Desktop,0
3,71,Tablet,1
3,41,Smartphone,1
3,91,Smartphone,0
3,81,Smartphone,1
3,261,Tablet,1
3,321,Smartphone,0
3,141,Tablet,0
3,41,Tablet,1
3,141,Smartphone,0
3,61,Tablet,1
3,71,Smartphone,0
3,261,Smartphone,0
3,281,Smartphone,1
3,21,Tablet,1
3,331,Desktop,0
3,221,Tablet,1
3,81,Desktop,0
3,141,Tablet,1
3,341,Smartphone,1
3,41,Desktop,0
3,81,Tablet,1
3,251,Smartphone,1
3,121,Smartphone,0
3,111,Tablet,1
3,31,Desktop,1
3,231,Smartphone,1
3,21,Smartphone,0
3,01,Smartphone,0
3,31,Smartphone,1
3,131,Tablet,1
3,51,Smartphone,0
3,41,Desktop,1
3,151,Tablet,1
3,211,Smartphone,0
3,31,Tablet,1
3,221,Smartphone,0
3,11,Smartphone,1
3,201,Smartphone,0
3,101,Smartphone,0
3,331,Smartphone,0
3,251,Smartphone,0
3,231,Smartphone,0
3,171,Smartphone,0
3,341,Smartphone,0
3,11,Tablet,1
3,161,Tablet,0
3,251,Tablet,0
3,21,Smartphone,1
3,101,Tablet,1
3,21,Desktop,1
3,61,Desktop,1
3,41,Smartphone,0
3,331,Desktop,1
3,151,Smartphone,1
3,61,Smartphone,0
3,261,Tablet,0
3,51,Desktop,1
3,111,Desktop,1
3,51,Tablet,1
3,271,Smartphone,1
3,01,Tablet,0
3,271,Tablet,1
3,251,Desktop,0
3,11,Tablet,0
3,101,Smartphone,1
3,341,Tablet,0
3,291,Smartphone,1
3,261,Desktop,1
3,241,Tablet,1
3,11,Smartphone,0
3,241,Smartphone,0
3,341,Desktop,0
3,271,Smartphone,0
3,301,Smartphone,0
3,01,Desktop,1
3,251,Tablet,1
23,21,Tablet,1
23,291,Tablet,1
23,191,Smartphone,1
23,101,Tablet,1
23,31,Smartphone,1
23,341,Tablet,1
23,261,Tablet,1
23,261,Desktop,1
23,31,Tablet,1
23,71,Tablet,1
23,251,Smartphone,1
23,161,Smartphone,1
23,11,Tablet,1
23,261,Smartphone,1
23,251,Tablet,1
23,121,Desktop,1
23,341,Desktop,1
23,201,Tablet,1
23,21,Desktop,1
23,91,Tablet,1
23,81,Smartphone,1
23,111,Tablet,1
23,41,Smartphone,1
23,241,Desktop,1
23,331,Tablet,1
23,301,Tablet,1
23,81,Tablet,1
23,01,Desktop,1
23,271,Desktop,1
23,31,Desktop,1
23,151,Tablet,1
23,131,Tablet,1
23,51,Smartphone,1
23,131,Smartphone,1
23,21,Smartphone,1
23,321,Smartphone,1
23,291,Smartphone,1
23,141,Smartphone,1
23,231,Smartphone,1
23,121,Smartphone,1
23,11,Smartphone,1
23,321,Tablet,1
23,271,Tablet,1
23,271,Smartphone,1
23,221,Smartphone,1
23,341,Smartphone,1
23,111,Smartphone,1
23,251,Desktop,1
23,81,Desktop,1
23,241,Smartphone,1
23,301,Smartphone,1
23,51,Tablet,1
23,41,Tablet,1
23,71,Smartphone,1
23,101,Smartphone,1
23,241,Tablet,1
23,211,Tablet,1
23,151,Smartphone,1
23,211,Desktop,1
23,91,Smartphone,1
23,01,Smartphone,1
23,171,Desktop,1
23,171,Tablet,1
23,311,Tablet,1
23,211,Smartphone,1
23,61,Tablet,1
23,281,Smartphone,1
23,311,Smartphone,1
23,331,Smartphone,1
22,191,Tablet,0
22,61,Smartphone,0
22,161,Tablet,0
22,101,Smartphone,0
22,11,Desktop,0
22,91,Tablet,0
22,171,Smartphone,0
22,81,Desktop,0
22,51,Tablet,0
22,221,Smartphone,1
22,191,Smartphone,1
22,201,Smartphone,0
22,141,Smartphone,0
22,81,Tablet,0
22,131,Smartphone,0
22,231,Smartphone,0
22,291,Desktop,0
22,181,Tablet,0
22,101,Tablet,1
22,61,Desktop,0
22,221,Smartphone,0
22,61,Smartphone,1
22,261,Desktop,0
22,41,Smartphone,1
22,211,Tablet,1
22,321,Smartphone,0
22,01,Smartphone,0
22,51,Smartphone,0
22,311,Tablet,0
22,31,Tablet,1
22,281,Tablet,0
22,181,Smartphone,0
22,21,Tablet,0
22,131,Smartphone,1
22,121,Smartphone,0
22,331,Desktop,1
22,241,Tablet,0
22,191,Smartphone,0
22,91,Tablet,1
22,31,Desktop,0
22,121,Desktop,1
22,21,Smartphone,1
22,121,Smartphone,1
22,321,Tablet,1
22,41,Smartphone,0
22,161,Smartphone,0
22,251,Smartphone,0
22,231,Smartphone,1
22,331,Desktop,0
22,61,Tablet,0
22,51,Tablet,1
22,341,Desktop,1
22,151,Tablet,1
22,331,Smartphone,0
22,191,Tablet,1
22,81,Smartphone,1
22,261,Smartphone,1
22,171,Tablet,1
22,271,Smartphone,0
22,211,Tablet,0
22,81,Desktop,1
22,261,Desktop,1
22,31,Desktop,1
22,121,Tablet,1
22,151,Smartphone,0
22,231,Desktop,1
22,51,Smartphone,1
22,241,Desktop,0
22,241,Tablet,1
22,281,Tablet,1
22,261,Tablet,1
22,301,Smartphone,1
22,61,Tablet,1
22,231,Tablet,0
22,271,Smartphone,1
22,71,Tablet,0
22,311,Smartphone,0
22,171,Smartphone,1
22,131,Tablet,0
22,21,Smartphone,0
22,101,Desktop,0
22,161,Desktop,1
22,271,Tablet,1
22,231,Tablet,1
22,311,Smartphone,1
22,91,Smartphone,1
22,281,Smartphone,1
22,31,Tablet,0
22,271,Desktop,0
22,211,Smartphone,0
22,71,Smartphone,1
22,41,Tablet,1
22,271,Tablet,0
22,181,Smartphone,1
22,181,Tablet,1
22,31,Smartphone,0
22,81,Tablet,1
22,261,Tablet,0
22,01,Desktop,1
22,121,Desktop,0
22,261,Smartphone,0
22,11,Smartphone,1
22,91,Smartphone,0
22,41,Desktop,0
22,321,Desktop,0
22,11,Tablet,0
22,221,Tablet,0
22,231,Desktop,0
22,331,Tablet,0
22,331,Tablet,1
22,141,Tablet,1
22,341,Desktop,0
22,251,Tablet,0
22,341,Smartphone,1
22,111,Smartphone,0
22,11,Smartphone,0
22,201,Tablet,0
22,21,Desktop,0
22,301,Tablet,1
22,331,Smartphone,1
22,341,Tablet,0
22,101,Tablet,0
22,291,Smartphone,1
22,291,Tablet,1
22,21,Tablet,1
22,01,Tablet,0
22,241,Smartphone,0
22,251,Tablet,1
22,291,Smartphone,0
22,201,Smartphone,1
22,141,Smartphone,1
22,281,Smartphone,0
22,111,Desktop,0
22,91,Desktop,1
22,01,Smartphone,1
22,41,Tablet,0
22,301,Tablet,0
22,291,Tablet,0
22,251,Smartphone,1
22,311,Tablet,1
22,241,Smartphone,1
22,111,Smartphone,1
22,101,Smartphone,1
22,341,Smartphone,0
22,131,Tablet,1
22,71,Smartphone,0
22,31,Smartphone,1
22,01,Tablet,1
22,81,Smartphone,0
22,201,Tablet,1
22,151,Desktop,0
22,311,Desktop,0
22,71,Tablet,1
22,111,Tablet,0
22,251,Desktop,0
22,161,Desktop,0
22,341,Tablet,1
22,11,Tablet,1
22,301,Smartphone,0
22,01,Desktop,0
22,321,Smartphone,1
21,321,Smartphone,0
21,01,Smartphone,0
21,331,Smartphone,1
21,21,Smartphone,0
21,181,Smartphone,0
21,301,Tablet,1
21,321,Tablet,0
21,161,Tablet,0
21,131,Smartphone,0
21,101,Tablet,1
21,61,Desktop,0
21,31,Smartphone,0
21,281,Desktop,0
21,141,Smartphone,0
21,311,Smartphone,1
21,41,Smartphone,1
21,331,Tablet,0
21,251,Desktop,1
21,291,Desktop,0
21,01,Smartphone,1
21,241,Smartphone,1
21,241,Desktop,0
21,121,Tablet,1
21,51,Desktop,0
21,181,Smartphone,1
21,181,Desktop,0
21,301,Tablet,0
21,311,Smartphone,0
21,51,Tablet,0
21,91,Tablet,1
21,121,Tablet,0
21,271,Smartphone,0
21,131,Tablet,1
21,71,Desktop,0
21,31,Smartphone,1
21,221,Desktop,0
21,81,Smartphone,1
21,111,Tablet,0
21,251,Smartphone,0
21,161,Desktop,0
21,11,Tablet,1
21,251,Smartphone,1
21,341,Desktop,0
21,231,Smartphone,1
21,31,Tablet,1
21,161,Smartphone,1
21,251,Desktop,0
21,251,Tablet,0
21,271,Tablet,1
21,291,Tablet,1
21,151,Smartphone,0
21,241,Smartphone,0
21,341,Desktop,1
21,141,Tablet,0
21,111,Desktop,0
21,41,Tablet,0
21,11,Desktop,0
21,121,Smartphone,0
21,191,Smartphone,1
21,11,Smartphone,1
21,131,Smartphone,1
21,121,Smartphone,1
21,31,Tablet,0
21,101,Smartphone,0
21,261,Tablet,1
21,271,Tablet,0
21,61,Tablet,1
21,81,Smartphone,0
21,51,Smartphone,1
21,291,Smartphone,0
21,211,Smartphone,0
21,171,Tablet,1
21,281,Tablet,1
21,01,Desktop,0
21,301,Smartphone,0
21,11,Smartphone,0
21,51,Tablet,1
21,291,Tablet,0
21,101,Tablet,0
21,231,Smartphone,0
21,191,Smartphone,0
21,71,Smartphone,1
21,21,Tablet,0
21,41,Smartphone,0
21,171,Desktop,0
21,231,Desktop,0
21,171,Smartphone,0
21,101,Smartphone,1
21,71,Smartphone,0
21,291,Smartphone,1
21,201,Smartphone,0
21,51,Smartphone,0
21,131,Tablet,0
21,91,Desktop,0
21,81,Tablet,1
21,151,Smartphone,1
21,01,Tablet,1
21,61,Smartphone,0
21,21,Desktop,1
21,41,Desktop,0
21,341,Tablet,0
21,01,Tablet,0
21,11,Tablet,0
21,321,Smartphone,1
21,281,Desktop,1
21,221,Smartphone,0
21,91,Smartphone,0
21,21,Desktop,0
21,111,Smartphone,0
21,31,Desktop,1
21,331,Desktop,0
21,161,Smartphone,0
21,271,Desktop,0
21,131,Desktop,0
21,21,Smartphone,1
21,341,Tablet,1
21,101,Desktop,0
21,261,Desktop,1
21,21,Tablet,1
21,301,Desktop,0
21,261,Smartphone,1
21,341,Smartphone,0
21,261,Tablet,0
21,71,Tablet,1
21,231,Tablet,1
21,331,Desktop,1
21,31,Desktop,0
21,71,Tablet,0
21,241,Tablet,1
21,41,Tablet,1
21,261,Desktop,0
21,181,Tablet,0
21,281,Smartphone,1
21,251,Tablet,1
21,331,Tablet,1
21,311,Tablet,0
21,161,Tablet,1
21,111,Smartphone,1
21,311,Tablet,1
21,331,Smartphone,0
21,271,Smartphone,1
21,281,Smartphone,0
21,321,Tablet,1
21,231,Tablet,0
21,61,Tablet,0
21,341,Smartphone,1
21,321,Desktop,0
21,241,Tablet,0
21,261,Smartphone,0
21,61,Smartphone,1
21,301,Smartphone,1
20,201,Smartphone,0
20,291,Smartphone,0
20,181,Tablet,0
20,21,Tablet,0
20,201,Smartphone,1
20,71,Smartphone,0
20,171,Tablet,1
20,171,Smartphone,1
20,81,Tablet,0
20,91,Smartphone,0
20,281,Smartphone,0
20,251,Tablet,1
20,11,Tablet,0
20,281,Tablet,1
20,321,Tablet,0
20,201,Tablet,1
20,41,Desktop,1
20,271,Smartphone,0
20,31,Smartphone,1
20,161,Smartphone,0
20,231,Tablet,0
20,311,Smartphone,1
20,71,Desktop,0
20,231,Tablet,1
20,311,Tablet,0
20,61,Smartphone,1
20,01,Desktop,0
20,341,Tablet,0
20,121,Smartphone,1
20,271,Tablet,0
20,11,Tablet,1
20,221,Tablet,1
20,251,Desktop,1
20,141,Smartphone,0
20,121,Smartphone,0
20,41,Smartphone,1
20,11,Smartphone,0
20,321,Smartphone,0
20,71,Tablet,0
20,321,Desktop,0
20,61,Smartphone,0
20,41,Tablet,1
20,31,Tablet,1
20,301,Smartphone,1
20,31,Desktop,1
20,331,Smartphone,0
20,301,Desktop,0
20,41,Smartphone,0
20,11,Desktop,1
20,251,Desktop,0
20,331,Desktop,0
20,271,Tablet,1
20,301,Smartphone,0
20,11,Smartphone,1
20,161,Tablet,0
20,01,Smartphone,0
20,251,Smartphone,0
20,31,Tablet,0
20,171,Desktop,0
20,111,Smartphone,0
20,241,Tablet,0
20,181,Smartphone,0
20,131,Smartphone,1
20,261,Smartphone,0
20,81,Smartphone,0
20,241,Smartphone,0
20,01,Tablet,1
20,221,Smartphone,0
20,221,Desktop,0
20,241,Smartphone,1
20,141,Desktop,0
20,71,Smartphone,1
20,321,Smartphone,1
20,311,Smartphone,0
20,111,Tablet,0
20,71,Tablet,1
20,161,Tablet,1
20,331,Tablet,1
20,271,Desktop,0
20,231,Desktop,0
20,151,Desktop,1
20,211,Tablet,1
20,231,Smartphone,1
20,231,Smartphone,0
20,211,Smartphone,0
20,261,Desktop,1
20,91,Tablet,1
20,191,Smartphone,0
20,321,Tablet,1
20,91,Desktop,0
20,281,Desktop,0
20,91,Smartphone,1
20,341,Desktop,1
20,51,Tablet,1
20,01,Tablet,0
20,61,Tablet,1
20,101,Desktop,0
20,101,Tablet,1
20,51,Smartphone,0
20,141,Smartphone,1
20,271,Desktop,1
20,181,Smartphone,1
20,11,Desktop,0
20,21,Tablet,1
20,261,Smartphone,1
20,201,Desktop,1
20,291,Tablet,1
20,61,Tablet,0
20,51,Smartphone,1
20,21,Smartphone,1
20,341,Desktop,0
20,291,Tablet,0
20,51,Desktop,0
20,331,Smartphone,1
20,21,Desktop,1
20,31,Smartphone,0
20,111,Smartphone,1
20,121,Tablet,0
20,291,Desktop,0
20,281,Smartphone,1
20,191,Tablet,1
20,261,Desktop,0
20,241,Desktop,0
20,31,Desktop,0
20,241,Desktop,1
20,311,Desktop,1
20,191,Smartphone,1
20,61,Desktop,0
20,341,Smartphone,0
20,311,Desktop,0
20,131,Smartphone,0
20,101,Smartphone,1
20,21,Desktop,0
20,261,Tablet,0
20,41,Tablet,0
20,211,Smartphone,1
20,91,Tablet,0
20,81,Smartphone,1
20,291,Desktop,1
20,151,Smartphone,0
20,111,Tablet,1
20,221,Tablet,0
20,151,Tablet,0
20,261,Tablet,1
20,251,Smartphone,1
20,241,Tablet,1
20,331,Tablet,0
20,301,Tablet,1
20,101,Smartphone,0
20,251,Tablet,0
20,291,Smartphone,1
20,341,Smartphone,1
20,131,Tablet,0
20,271,Smartphone,1
20,321,Desktop,1
20,201,Tablet,0
20,01,Desktop,1
20,331,Desktop,1
20,21,Smartphone,0
20,151,Tablet,1
20,51,Tablet,0
20,221,Smartphone,1
20,181,Desktop,0
20,01,Smartphone,1
20,131,Desktop,1
20,171,Smartphone,0
20,161,Smartphone,1
20,211,Desktop,0
20,341,Tablet,1
20,61,Desktop,1
2,21,Smartphone,0
2,241,Tablet,1
2,291,Tablet,1
2,271,Smartphone,0
2,181,Smartphone,0
2,301,Tablet,1
2,281,Smartphone,0
2,71,Smartphone,0
2,321,Smartphone,1
2,241,Smartphone,0
2,251,Smartphone,1
2,101,Smartphone,0
2,151,Desktop,1
2,21,Tablet,1
2,01,Smartphone,0
2,21,Desktop,1
2,341,Tablet,0
2,31,Smartphone,0
2,81,Smartphone,1
2,261,Tablet,0
2,11,Smartphone,0
2,121,Smartphone,0
2,341,Smartphone,1
2,131,Smartphone,0
2,11,Smartphone,1
2,341,Tablet,1
2,341,Desktop,0
2,331,Smartphone,0
2,21,Smartphone,1
2,341,Smartphone,0
2,291,Smartphone,1
2,291,Smartphone,0
2,211,Smartphone,0
2,141,Smartphone,0
2,231,Smartphone,0
2,61,Smartphone,0
2,71,Smartphone,1
2,331,Smartphone,1
2,331,Tablet,1
2,31,Tablet,1
2,91,Tablet,1
2,311,Smartphone,0
2,301,Smartphone,0
2,331,Desktop,1
2,101,Tablet,0
2,11,Desktop,0
2,341,Desktop,1
2,31,Desktop,0
2,161,Smartphone,1
2,01,Tablet,1
2,41,Desktop,1
2,241,Desktop,1
2,101,Smartphone,1
2,261,Smartphone,0
2,91,Smartphone,0
2,271,Tablet,1
2,251,Tablet,1
2,321,Smartphone,0
2,51,Tablet,1
2,01,Desktop,0
2,51,Smartphone,0
2,201,Smartphone,0
2,251,Smartphone,0
2,31,Smartphone,1
2,71,Tablet,1
2,271,Desktop,0
2,111,Smartphone,0
2,321,Tablet,1
2,221,Smartphone,1
2,121,Tablet,1
2,261,Tablet,1
2,261,Smartphone,1
2,151,Desktop,0
2,151,Smartphone,1
2,221,Desktop,0
2,21,Tablet,0
2,151,Smartphone,0
2,261,Desktop,0
2,81,Smartphone,0
2,41,Smartphone,0
2,01,Tablet,0
2,241,Smartphone,1
2,131,Tablet,1
19,201,Desktop,0
19,161,Smartphone,0
19,111,Smartphone,1
19,31,Desktop,0
19,251,Tablet,0
19,131,Desktop,0
19,151,Desktop,0
19,281,Desktop,0
19,91,Tablet,1
19,61,Smartphone,1
19,101,Smartphone,0
19,291,Smartphone,0
19,81,Smartphone,0
19,21,Tablet,1
19,231,Tablet,0
19,171,Tablet,0
19,21,Desktop,0
19,01,Smartphone,1
19,251,Tablet,1
19,01,Desktop,1
19,291,Tablet,1
19,51,Desktop,0
19,111,Tablet,0
19,311,Tablet,0
19,11,Desktop,0
19,321,Tablet,1
19,311,Smartphone,0
19,181,Desktop,0
19,261,Tablet,1
19,241,Desktop,0
19,41,Desktop,0
19,341,Smartphone,0
19,121,Tablet,1
19,121,Smartphone,0
19,31,Tablet,0
19,181,Smartphone,1
19,81,Desktop,0
19,51,Tablet,1
19,121,Desktop,0
19,271,Desktop,1
19,281,Smartphone,0
19,201,Tablet,1
19,331,Tablet,0
19,271,Tablet,0
19,151,Smartphone,0
19,271,Tablet,1
19,71,Smartphone,0
19,221,Smartphone,0
19,141,Desktop,0
19,141,Smartphone,0
19,301,Tablet,1
19,281,Smartphone,1
19,321,Smartphone,0
19,111,Tablet,1
19,211,Smartphone,1
19,51,Smartphone,0
19,161,Tablet,1
19,341,Smartphone,1
19,271,Smartphone,0
19,11,Smartphone,1
19,221,Smartphone,1
19,21,Tablet,0
19,91,Smartphone,0
19,131,Tablet,1
19,91,Smartphone,1
19,21,Smartphone,0
19,211,Desktop,0
19,81,Smartphone,1
19,311,Tablet,1
19,211,Tablet,1
19,251,Smartphone,0
19,261,Desktop,0
19,331,Tablet,1
19,261,Smartphone,1
19,311,Desktop,1
19,151,Smartphone,1
19,61,Tablet,0
19,11,Smartphone,0
19,31,Tablet,1
19,331,Smartphone,1
19,01,Smartphone,0
19,321,Tablet,0
19,81,Tablet,0
19,151,Tablet,0
19,41,Smartphone,0
19,141,Tablet,0
19,21,Smartphone,1
19,251,Smartphone,1
19,131,Smartphone,0
19,71,Desktop,1
19,251,Desktop,1
19,191,Smartphone,0
19,11,Tablet,0
19,91,Tablet,0
19,21,Desktop,1
19,101,Smartphone,1
19,281,Tablet,1
19,301,Smartphone,1
19,51,Desktop,1
19,211,Smartphone,0
19,61,Tablet,1
19,121,Smartphone,1
19,71,Desktop,0
19,171,Smartphone,0
19,241,Smartphone,1
19,111,Smartphone,0
19,201,Smartphone,1
19,331,Desktop,1
19,301,Desktop,0
19,231,Smartphone,1
19,51,Tablet,0
19,261,Desktop,1
19,101,Tablet,0
19,341,Tablet,0
19,61,Desktop,0
19,311,Desktop,0
19,231,Desktop,0
19,181,Tablet,1
19,31,Smartphone,1
19,301,Smartphone,0
19,71,Tablet,0
19,51,Smartphone,1
19,201,Smartphone,0
19,341,Desktop,1
19,01,Tablet,0
19,101,Tablet,1
19,321,Desktop,0
19,241,Tablet,1
19,141,Smartphone,1
19,331,Desktop,0
19,231,Smartphone,0
19,71,Smartphone,1
19,61,Smartphone,0
19,191,Smartphone,1
19,291,Smartphone,1
19,181,Smartphone,0
19,11,Tablet,1
19,241,Tablet,0
19,341,Desktop,0
19,241,Smartphone,0
19,271,Desktop,0
19,121,Tablet,0
19,41,Tablet,0
19,321,Smartphone,1
19,41,Tablet,1
19,261,Smartphone,0
19,291,Desktop,0
19,341,Tablet,1
19,221,Tablet,0
19,311,Smartphone,1
19,221,Tablet,1
19,191,Tablet,1
19,31,Smartphone,0
19,141,Tablet,1
19,221,Desktop,0
19,331,Smartphone,0
19,01,Tablet,1
19,131,Smartphone,1
19,41,Smartphone,1
19,261,Tablet,0
19,91,Desktop,0
19,171,Tablet,1
19,71,Tablet,1
19,251,Desktop,0
19,101,Desktop,0
19,111,Desktop,0
19,271,Smartphone,1
18,01,Smartphone,0
18,161,Tablet,1
18,171,Tablet,0
18,151,Smartphone,0
18,71,Desktop,0
18,51,Smartphone,1
18,31,Smartphone,1
18,231,Tablet,1
18,101,Smartphone,0
18,191,Smartphone,0
18,161,Desktop,0
18,301,Tablet,1
18,241,Smartphone,0
18,281,Desktop,1
18,301,Smartphone,1
18,211,Smartphone,0
18,01,Smartphone,1
18,271,Desktop,1
18,41,Tablet,1
18,231,Desktop,1
18,341,Tablet,1
18,291,Smartphone,1
18,01,Tablet,0
18,131,Smartphone,0
18,171,Tablet,1
18,211,Tablet,0
18,291,Smartphone,0
18,241,Tablet,0
18,221,Smartphone,0
18,101,Tablet,1
18,301,Tablet,0
18,211,Smartphone,1
18,301,Smartphone,0
18,91,Smartphone,1
18,281,Desktop,0
18,71,Smartphone,1
18,281,Smartphone,1
18,191,Smartphone,1
18,241,Tablet,1
18,231,Tablet,0
18,181,Tablet,1
18,21,Smartphone,0
18,141,Tablet,0
18,141,Desktop,0
18,41,Smartphone,0
18,261,Smartphone,1
18,21,Tablet,1
18,341,Tablet,0
18,71,Tablet,1
18,101,Smartphone,1
18,221,Desktop,0
18,161,Smartphone,1
18,111,Tablet,1
18,321,Smartphone,0
18,121,Smartphone,0
18,271,Smartphone,1
18,311,Tablet,1
18,151,Tablet,1
18,51,Tablet,1
18,51,Desktop,1
18,121,Smartphone,1
18,281,Tablet,1
18,41,Desktop,0
18,231,Smartphone,0
18,31,Tablet,0
18,51,Tablet,0
18,31,Smartphone,0
18,331,Tablet,1
18,61,Smartphone,1
18,331,Tablet,0
18,291,Desktop,0
18,141,Tablet,1
18,311,Desktop,0
18,131,Tablet,1
18,81,Smartphone,0
18,151,Smartphone,1
18,21,Desktop,1
18,271,Desktop,0
18,341,Smartphone,0
18,21,Smartphone,1
18,191,Tablet,0
18,231,Smartphone,1
18,71,Tablet,0
18,201,Tablet,1
18,31,Tablet,1
18,221,Tablet,1
18,181,Smartphone,0
18,251,Tablet,0
18,341,Desktop,0
18,01,Desktop,0
18,291,Tablet,0
18,331,Desktop,1
18,191,Desktop,0
18,331,Smartphone,0
18,211,Tablet,1
18,201,Tablet,0
18,271,Tablet,0
18,201,Smartphone,1
18,91,Smartphone,0
18,61,Smartphone,0
18,291,Tablet,1
18,201,Smartphone,0
18,11,Tablet,0
18,131,Tablet,0
18,131,Desktop,0
18,341,Smartphone,1
18,11,Tablet,1
18,251,Smartphone,0
18,131,Smartphone,1
18,171,Smartphone,1
18,11,Desktop,0
18,191,Tablet,1
18,241,Desktop,0
18,71,Smartphone,0
18,241,Smartphone,1
18,321,Tablet,1
18,161,Smartphone,0
18,261,Smartphone,0
18,311,Smartphone,1
18,121,Tablet,1
18,261,Tablet,1
18,41,Smartphone,1
18,01,Tablet,1
18,111,Smartphone,0
18,31,Desktop,0
18,111,Desktop,0
18,221,Smartphone,1
18,301,Desktop,0
18,31,Desktop,1
18,331,Smartphone,1
18,251,Desktop,1
18,61,Tablet,1
18,151,Tablet,0
18,171,Smartphone,0
18,11,Smartphone,1
18,271,Tablet,1
18,111,Smartphone,1
18,151,Desktop,0
18,321,Desktop,0
18,341,Desktop,1
18,211,Desktop,0
18,321,Smartphone,1
18,01,Desktop,1
18,41,Tablet,0
18,261,Desktop,0
18,11,Smartphone,0
18,321,Tablet,0
18,331,Desktop,0
18,261,Desktop,1
18,271,Smartphone,0
18,61,Tablet,0
18,81,Desktop,0
18,81,Tablet,1
18,141,Smartphone,1
18,21,Desktop,0
18,261,Tablet,0
18,81,Smartphone,1
18,251,Tablet,1
18,311,Smartphone,0
18,281,Smartphone,0
18,111,Tablet,0
18,251,Desktop,0
18,141,Smartphone,0
18,251,Smartphone,1
18,51,Smartphone,0
18,21,Tablet,0
17,301,Smartphone,1
17,171,Smartphone,0
17,281,Smartphone,0
17,281,Desktop,0
17,181,Smartphone,0
17,161,Desktop,0
17,121,Desktop,0
17,131,Desktop,0
17,311,Tablet,1
17,161,Smartphone,1
17,151,Tablet,1
17,61,Smartphone,1
17,141,Smartphone,0
17,21,Tablet,0
17,31,Smartphone,1
17,231,Desktop,0
17,281,Smartphone,1
17,91,Desktop,1
17,301,Smartphone,0
17,261,Tablet,0
17,61,Tablet,0
17,251,Tablet,1
17,341,Desktop,1
17,131,Smartphone,1
17,11,Smartphone,0
17,51,Smartphone,0
17,41,Tablet,0
17,131,Tablet,0
17,251,Smartphone,0
17,331,Smartphone,1
17,141,Desktop,0
17,71,Tablet,0
17,341,Smartphone,1
17,21,Smartphone,0
17,131,Smartphone,0
17,71,Smartphone,1
17,61,Desktop,0
17,211,Smartphone,0
17,291,Tablet,0
17,111,Smartphone,0
17,171,Tablet,0
17,01,Tablet,0
17,301,Tablet,0
17,181,Tablet,0
17,191,Smartphone,0
17,201,Smartphone,1
17,41,Desktop,0
17,91,Smartphone,1
17,11,Desktop,0
17,251,Desktop,0
17,241,Tablet,1
17,101,Desktop,0
17,91,Tablet,1
17,341,Desktop,0
17,21,Desktop,0
17,151,Desktop,0
17,41,Smartphone,1
17,321,Desktop,0
17,261,Smartphone,0
17,151,Smartphone,1
17,251,Smartphone,1
17,321,Tablet,0
17,91,Smartphone,0
17,261,Smartphone,1
17,271,Tablet,0
17,241,Smartphone,1
17,101,Tablet,1
17,141,Tablet,0
17,321,Desktop,1
17,311,Smartphone,0
17,341,Smartphone,0
17,221,Smartphone,1
17,51,Smartphone,1
17,141,Smartphone,1
17,211,Tablet,0
17,01,Smartphone,0
17,21,Smartphone,1
17,251,Desktop,1
17,301,Desktop,0
17,101,Smartphone,0
17,51,Desktop,0
17,11,Smartphone,1
17,01,Desktop,0
17,331,Tablet,0
17,121,Smartphone,0
17,271,Smartphone,1
17,251,Tablet,0
17,91,Desktop,0
17,41,Tablet,1
17,111,Smartphone,1
17,61,Tablet,1
17,191,Desktop,0
17,171,Tablet,1
17,341,Tablet,0
17,01,Tablet,1
17,51,Tablet,0
17,81,Tablet,0
17,111,Tablet,1
17,291,Smartphone,0
17,201,Smartphone,0
17,321,Smartphone,0
17,71,Desktop,0
17,321,Smartphone,1
17,51,Desktop,1
17,321,Tablet,1
17,221,Smartphone,0
17,331,Desktop,0
17,211,Tablet,1
17,241,Desktop,0
17,271,Smartphone,0
17,121,Tablet,1
17,81,Smartphone,1
17,261,Desktop,1
17,301,Tablet,1
17,181,Desktop,0
17,131,Tablet,1
17,121,Smartphone,1
17,31,Smartphone,0
17,61,Smartphone,0
17,161,Smartphone,0
17,221,Desktop,0
17,291,Smartphone,1
17,191,Smartphone,1
17,211,Desktop,0
17,41,Smartphone,0
17,291,Tablet,1
17,11,Tablet,0
17,21,Desktop,1
17,311,Smartphone,1
17,111,Desktop,0
17,171,Smartphone,1
17,331,Desktop,1
17,71,Tablet,1
17,21,Tablet,1
17,221,Tablet,0
17,271,Tablet,1
17,261,Tablet,1
17,181,Tablet,1
17,51,Tablet,1
17,31,Tablet,0
17,31,Tablet,1
17,01,Smartphone,1
17,81,Tablet,1
17,81,Smartphone,0
17,31,Desktop,0
17,261,Desktop,0
17,101,Smartphone,1
17,331,Tablet,1
17,231,Smartphone,1
17,11,Tablet,1
17,231,Tablet,1
17,241,Smartphone,0
17,71,Smartphone,0
17,151,Smartphone,0
17,241,Tablet,0
17,311,Tablet,0
17,271,Desktop,0
17,341,Tablet,1
17,311,Desktop,0
17,281,Tablet,1
17,231,Smartphone,0
17,291,Desktop,0
17,331,Smartphone,0
17,81,Desktop,0
17,91,Tablet,0
17,31,Desktop,1
16,11,Tablet,0
16,341,Desktop,1
16,251,Tablet,1
16,181,Smartphone,1
16,51,Desktop,0
16,331,Desktop,0
16,331,Smartphone,0
16,111,Desktop,0
16,291,Tablet,0
16,331,Desktop,1
16,71,Tablet,0
16,261,Smartphone,0
16,231,Smartphone,0
16,231,Desktop,0
16,21,Tablet,0
16,81,Smartphone,1
16,281,Desktop,0
16,321,Tablet,1
16,61,Smartphone,1
16,61,Tablet,0
16,21,Smartphone,0
16,81,Tablet,0
16,341,Desktop,0
16,91,Smartphone,0
16,301,Desktop,0
16,321,Smartphone,1
16,311,Tablet,1
16,171,Tablet,1
16,221,Smartphone,0
16,91,Smartphone,1
16,251,Smartphone,1
16,291,Tablet,1
16,171,Smartphone,1
16,261,Smartphone,1
16,231,Desktop,1
16,261,Tablet,0
16,221,Smartphone,1
16,101,Tablet,1
16,111,Smartphone,1
16,151,Smartphone,0
16,01,Smartphone,1
16,131,Smartphone,0
16,141,Tablet,0
16,121,Smartphone,0
16,81,Tablet,1
16,331,Smartphone,1
16,71,Tablet,1
16,71,Desktop,1
16,161,Smartphone,0
16,261,Desktop,0
16,161,Desktop,0
16,291,Smartphone,1
16,21,Tablet,1
16,61,Desktop,1
16,01,Smartphone,0
16,271,Smartphone,0
16,201,Smartphone,0
16,191,Smartphone,0
16,61,Tablet,1
16,241,Smartphone,0
16,141,Desktop,0
16,31,Smartphone,0
16,211,Tablet,0
16,221,Desktop,0
16,241,Desktop,1
16,01,Tablet,1
16,241,Tablet,0
16,111,Tablet,1
16,231,Tablet,0
16,61,Desktop,0
16,341,Smartphone,1
16,241,Tablet,1
16,301,Smartphone,1
16,41,Tablet,1
16,181,Desktop,0
16,321,Smartphone,0
16,11,Desktop,0
16,51,Smartphone,0
16,11,Smartphone,0
16,271,Smartphone,1
16,01,Tablet,0
16,131,Smartphone,1
16,41,Smartphone,0
16,51,Smartphone,1
16,01,Desktop,1
16,331,Tablet,0
16,311,Smartphone,0
16,131,Desktop,0
16,191,Tablet,1
16,251,Desktop,0
16,101,Desktop,0
16,31,Smartphone,1
16,251,Desktop,1
16,341,Tablet,1
16,141,Smartphone,1
16,41,Desktop,1
16,151,Desktop,0
16,141,Desktop,1
16,181,Tablet,0
16,231,Tablet,1
16,91,Desktop,0
16,71,Smartphone,0
16,21,Desktop,0
16,261,Tablet,1
16,51,Tablet,0
16,121,Tablet,1
16,161,Tablet,1
16,101,Smartphone,1
16,71,Smartphone,1
16,121,Smartphone,1
16,211,Desktop,0
16,141,Smartphone,0
16,131,Desktop,1
16,331,Tablet,1
16,41,Smartphone,1
16,261,Desktop,1
16,201,Desktop,0
16,251,Tablet,0
16,341,Smartphone,0
16,41,Tablet,0
16,341,Tablet,0
16,51,Tablet,1
16,181,Tablet,1
16,291,Smartphone,0
16,271,Desktop,0
16,211,Smartphone,1
16,21,Smartphone,1
16,311,Desktop,0
16,321,Desktop,0
16,111,Smartphone,0
16,71,Desktop,0
16,311,Tablet,0
16,81,Desktop,0
16,251,Smartphone,0
16,281,Smartphone,0
16,231,Smartphone,1
16,101,Smartphone,0
16,161,Smartphone,1
16,171,Desktop,0
16,241,Desktop,0
16,171,Smartphone,0
16,131,Tablet,1
16,311,Smartphone,1
16,81,Smartphone,0
16,151,Tablet,1
16,191,Desktop,0
16,41,Desktop,0
16,31,Desktop,1
16,301,Tablet,1
16,211,Tablet,1
16,281,Smartphone,1
16,301,Smartphone,0
16,11,Smartphone,1
16,281,Tablet,1
16,291,Desktop,0
16,31,Tablet,0
16,181,Smartphone,0
16,31,Tablet,1
16,141,Tablet,1
16,61,Smartphone,0
16,11,Tablet,1
16,271,Tablet,1
16,221,Tablet,1
16,211,Smartphone,0
16,01,Desktop,0
16,31,Desktop,0
15,261,Desktop,1
15,31,Smartphone,0
15,241,Desktop,0
15,291,Smartphone,1
15,121,Tablet,0
15,291,Desktop,0
15,251,Smartphone,0
15,181,Smartphone,1
15,161,Smartphone,0
15,341,Smartphone,0
15,141,Smartphone,1
15,151,Tablet,1
15,341,Smartphone,1
15,331,Smartphone,0
15,311,Smartphone,1
15,231,Smartphone,1
15,81,Smartphone,0
15,131,Desktop,0
15,191,Desktop,0
15,171,Desktop,0
15,31,Tablet,0
15,281,Desktop,1
15,71,Tablet,1
15,201,Desktop,0
15,11,Tablet,0
15,251,Tablet,1
15,141,Desktop,0
15,71,Smartphone,1
15,21,Tablet,1
15,01,Smartphone,1
15,21,Tablet,0
15,31,Tablet,1
15,31,Desktop,0
15,161,Tablet,1
15,321,Tablet,1
15,171,Smartphone,0
15,111,Tablet,1
15,41,Smartphone,0
15,221,Smartphone,1
15,51,Desktop,1
15,211,Smartphone,0
15,311,Smartphone,0
15,11,Smartphone,1
15,51,Smartphone,1
15,91,Smartphone,0
15,281,Smartphone,1
15,241,Tablet,0
15,341,Desktop,0
15,71,Tablet,0
15,111,Desktop,0
15,301,Smartphone,1
15,121,Desktop,0
15,341,Tablet,0
15,331,Smartphone,1
15,61,Smartphone,1
15,251,Desktop,0
15,21,Smartphone,1
15,261,Desktop,0
15,271,Smartphone,1
15,181,Desktop,0
15,191,Tablet,1
15,281,Desktop,0
15,271,Desktop,0
15,51,Tablet,0
15,271,Smartphone,0
15,321,Smartphone,1
15,211,Tablet,1
15,91,Smartphone,1
15,221,Smartphone,0
15,241,Tablet,1
15,221,Desktop,1
15,11,Desktop,0
15,21,Desktop,0
15,131,Tablet,1
15,301,Desktop,0
15,31,Smartphone,1
15,291,Desktop,1
15,311,Tablet,0
15,161,Smartphone,1
15,131,Smartphone,0
15,281,Tablet,0
15,291,Tablet,0
15,61,Desktop,0
15,101,Tablet,0
15,241,Smartphone,0
15,211,Desktop,0
15,01,Smartphone,0
15,121,Tablet,1
15,111,Smartphone,1
15,321,Tablet,0
15,231,Smartphone,0
15,151,Smartphone,0
15,301,Tablet,1
15,101,Desktop,0
15,131,Tablet,0
15,71,Smartphone,0
15,181,Tablet,1
15,341,Tablet,1
15,01,Tablet,0
15,291,Smartphone,0
15,81,Smartphone,1
15,241,Desktop,1
15,281,Tablet,1
15,01,Tablet,1
15,21,Smartphone,0
15,231,Tablet,1
15,71,Desktop,0
15,251,Tablet,0
15,51,Smartphone,0
15,61,Tablet,1
15,81,Tablet,1
15,171,Tablet,1
15,81,Desktop,0
15,331,Tablet,0
15,161,Desktop,0
15,281,Smartphone,0
15,271,Tablet,1
15,161,Desktop,1
15,191,Smartphone,0
15,201,Tablet,1
15,01,Desktop,0
15,141,Smartphone,0
15,261,Smartphone,1
15,181,Tablet,0
15,51,Tablet,1
15,221,Tablet,0
15,121,Smartphone,0
15,11,Smartphone,0
15,41,Smartphone,1
15,331,Desktop,1
15,341,Desktop,1
15,181,Smartphone,0
15,151,Tablet,0
15,41,Desktop,1
15,21,Desktop,1
15,91,Desktop,0
15,141,Tablet,0
15,261,Tablet,1
15,141,Tablet,1
15,61,Smartphone,0
15,321,Smartphone,0
15,321,Desktop,0
15,41,Tablet,0
15,261,Tablet,0
15,111,Smartphone,0
15,41,Tablet,1
15,331,Desktop,0
15,101,Smartphone,0
15,41,Desktop,0
15,11,Tablet,1
15,201,Smartphone,0
15,101,Smartphone,1
15,331,Tablet,1
15,151,Desktop,0
15,241,Smartphone,1
15,81,Tablet,0
15,301,Smartphone,0
15,61,Tablet,0
15,311,Tablet,1
15,261,Smartphone,0
15,221,Desktop,0
15,251,Smartphone,1
15,311,Desktop,0
15,51,Desktop,0
15,231,Desktop,0
15,221,Tablet,1
15,201,Smartphone,1
14,31,Smartphone,0
14,71,Desktop,0
14,191,Smartphone,0
14,161,Desktop,0
14,281,Desktop,1
14,41,Smartphone,1
14,261,Desktop,0
14,21,Tablet,0
14,331,Tablet,1
14,101,Desktop,0
14,311,Desktop,0
14,311,Smartphone,1
14,241,Tablet,1
14,91,Smartphone,0
14,301,Desktop,0
14,211,Desktop,0
14,131,Tablet,1
14,31,Tablet,0
14,31,Desktop,0
14,31,Smartphone,1
14,221,Smartphone,1
14,251,Tablet,1
14,341,Tablet,1
14,171,Tablet,0
14,331,Desktop,1
14,341,Tablet,0
14,51,Smartphone,0
14,11,Tablet,0
14,11,Smartphone,1
14,41,Desktop,0
14,271,Smartphone,1
14,311,Desktop,1
14,21,Desktop,0
14,111,Desktop,0
14,251,Desktop,0
14,21,Desktop,1
14,61,Desktop,0
14,291,Desktop,0
14,211,Tablet,1
14,311,Smartphone,0
14,61,Smartphone,0
14,271,Tablet,0
14,271,Tablet,1
14,321,Tablet,0
14,281,Smartphone,1
14,161,Smartphone,1
14,241,Tablet,0
14,91,Tablet,0
14,41,Tablet,1
14,201,Tablet,1
14,261,Tablet,0
14,21,Smartphone,0
14,201,Desktop,0
14,01,Tablet,1
14,221,Desktop,0
14,71,Smartphone,1
14,181,Tablet,1
14,321,Desktop,0
14,01,Desktop,0
14,171,Tablet,1
14,291,Tablet,0
14,211,Smartphone,0
14,341,Smartphone,0
14,261,Desktop,1
14,131,Smartphone,0
14,151,Tablet,1
14,81,Smartphone,1
14,131,Smartphone,1
14,151,Smartphone,0
14,161,Smartphone,0
14,91,Desktop,1
14,111,Tablet,0
14,301,Smartphone,1
14,121,Smartphone,0
14,241,Desktop,0
14,331,Smartphone,1
14,171,Desktop,0
14,11,Desktop,0
14,21,Smartphone,1
14,61,Smartphone,1
14,121,Smartphone,1
14,91,Tablet,1
14,251,Smartphone,1
14,311,Tablet,1
14,231,Smartphone,0
14,111,Tablet,1
14,41,Smartphone,0
14,141,Tablet,1
14,11,Smartphone,0
14,181,Tablet,0
14,51,Desktop,0
14,101,Tablet,0
14,01,Tablet,0
14,61,Tablet,1
14,161,Tablet,1
14,141,Smartphone,0
14,261,Tablet,1
14,271,Desktop,0
14,221,Tablet,0
14,281,Tablet,1
14,301,Tablet,1
14,91,Smartphone,1
14,81,Smartphone,0
14,161,Desktop,1
14,51,Desktop,1
14,151,Desktop,0
14,111,Smartphone,0
14,271,Smartphone,0
14,171,Smartphone,0
14,251,Smartphone,0
14,191,Smartphone,1
14,281,Smartphone,0
14,21,Tablet,1
14,341,Desktop,1
14,101,Smartphone,1
14,131,Desktop,0
14,291,Smartphone,0
14,151,Desktop,1
14,231,Desktop,0
14,81,Desktop,1
14,151,Tablet,0
14,301,Smartphone,0
14,331,Tablet,0
14,51,Smartphone,1
14,191,Tablet,1
14,131,Tablet,0
14,101,Tablet,1
14,81,Tablet,1
14,281,Desktop,0
14,221,Tablet,1
14,221,Smartphone,0
14,191,Desktop,0
14,11,Tablet,1
14,71,Smartphone,0
14,141,Smartphone,1
14,241,Smartphone,1
14,341,Desktop,0
14,121,Tablet,1
14,321,Smartphone,0
14,181,Desktop,0
14,321,Smartphone,1
14,141,Desktop,0
14,111,Smartphone,1
14,251,Desktop,1
14,01,Smartphone,0
14,91,Desktop,0
14,261,Smartphone,1
14,121,Desktop,0
14,51,Tablet,1
14,01,Smartphone,1
14,331,Smartphone,0
14,291,Tablet,1
14,321,Tablet,1
14,101,Smartphone,0
14,261,Smartphone,0
14,291,Smartphone,1
14,151,Smartphone,1
14,71,Tablet,1
14,341,Smartphone,1
14,231,Smartphone,1
14,201,Smartphone,0
14,31,Desktop,1
14,251,Tablet,0
14,301,Desktop,1
14,81,Desktop,0
14,181,Smartphone,0
14,31,Tablet,1
14,241,Smartphone,0
14,331,Desktop,0
14,51,Tablet,0
13,131,Tablet,0
13,01,Tablet,0
13,101,Tablet,0
13,171,Smartphone,1
13,221,Tablet,1
13,221,Tablet,0
13,191,Tablet,1
13,51,Smartphone,0
13,241,Smartphone,0
13,181,Smartphone,1
13,281,Desktop,0
13,141,Smartphone,0
13,31,Desktop,0
13,341,Tablet,0
13,201,Desktop,0
13,301,Tablet,1
13,301,Smartphone,1
13,321,Smartphone,1
13,111,Desktop,1
13,311,Desktop,0
13,281,Tablet,1
13,11,Tablet,1
13,251,Desktop,0
13,51,Desktop,0
13,331,Tablet,0
13,271,Smartphone,1
13,61,Desktop,0
13,271,Desktop,0
13,331,Smartphone,0
13,231,Tablet,0
13,191,Smartphone,1
13,21,Smartphone,1
13,241,Desktop,0
13,11,Tablet,0
13,331,Tablet,1
13,161,Tablet,1
13,311,Smartphone,1
13,41,Desktop,0
13,291,Smartphone,1
13,21,Desktop,0
13,251,Desktop,1
13,261,Desktop,1
13,311,Smartphone,0
13,221,Smartphone,0
13,21,Tablet,0
13,121,Tablet,1
13,71,Tablet,1
13,251,Tablet,0
13,01,Smartphone,0
13,91,Desktop,0
13,291,Tablet,1
13,61,Tablet,0
13,321,Smartphone,0
13,251,Tablet,1
13,301,Desktop,0
13,171,Tablet,1
13,191,Smartphone,0
13,291,Smartphone,0
13,91,Smartphone,0
13,161,Desktop,0
13,231,Tablet,1
13,71,Smartphone,0
13,61,Tablet,1
13,281,Smartphone,0
13,221,Desktop,0
13,171,Desktop,0
13,131,Desktop,0
13,251,Smartphone,1
13,161,Smartphone,1
13,101,Smartphone,1
13,61,Smartphone,1
13,91,Smartphone,1
13,01,Smartphone,1
13,181,Smartphone,0
13,101,Smartphone,0
13,271,Tablet,0
13,01,Desktop,0
13,91,Desktop,1
13,81,Tablet,1
13,11,Smartphone,0
13,341,Desktop,0
13,321,Desktop,0
13,341,Desktop,1
13,121,Smartphone,1
13,161,Tablet,0
13,11,Smartphone,1
13,241,Tablet,0
13,341,Smartphone,1
13,321,Tablet,0
13,311,Tablet,1
13,261,Desktop,0
13,121,Smartphone,0
13,121,Desktop,1
13,01,Tablet,1
13,261,Tablet,0
13,191,Desktop,0
13,111,Desktop,0
13,261,Tablet,1
13,261,Smartphone,0
13,41,Tablet,0
13,111,Smartphone,1
13,311,Tablet,0
13,131,Smartphone,1
13,331,Desktop,1
13,341,Tablet,1
13,151,Desktop,0
13,151,Smartphone,0
13,91,Tablet,0
13,111,Tablet,1
13,21,Desktop,1
13,21,Smartphone,0
13,331,Desktop,0
13,141,Desktop,0
13,81,Desktop,0
13,131,Smartphone,0
13,211,Tablet,1
13,31,Tablet,0
13,81,Smartphone,1
13,141,Tablet,1
13,291,Tablet,0
13,201,Smartphone,0
13,51,Tablet,1
13,301,Smartphone,0
13,321,Tablet,1
13,41,Tablet,1
13,181,Desktop,0
13,31,Smartphone,0
13,51,Tablet,0
13,41,Smartphone,1
13,331,Smartphone,1
13,11,Desktop,0
13,181,Tablet,0
13,81,Desktop,1
13,171,Smartphone,0
13,31,Smartphone,1
13,341,Smartphone,0
13,71,Smartphone,1
13,211,Smartphone,0
13,31,Desktop,1
13,51,Desktop,1
13,261,Smartphone,1
13,81,Smartphone,0
13,121,Desktop,0
13,71,Desktop,0
13,151,Tablet,1
13,241,Smartphone,1
13,31,Tablet,1
13,271,Smartphone,0
13,41,Smartphone,0
13,91,Tablet,1
13,101,Desktop,0
13,201,Tablet,1
13,111,Smartphone,0
13,291,Desktop,0
13,211,Desktop,0
13,271,Tablet,1
13,71,Tablet,0
13,231,Smartphone,0
13,211,Smartphone,1
13,231,Smartphone,1
13,231,Desktop,0
13,81,Tablet,0
13,241,Tablet,1
13,251,Smartphone,0
13,161,Smartphone,0
13,21,Tablet,1
13,51,Smartphone,1
13,61,Smartphone,0
12,11,Desktop,0
12,61,Smartphone,0
12,11,Smartphone,0
12,281,Smartphone,1
12,41,Tablet,0
12,311,Smartphone,0
12,151,Tablet,1
12,21,Tablet,0
12,171,Smartphone,0
12,141,Tablet,1
12,191,Desktop,0
12,121,Smartphone,0
12,251,Desktop,1
12,311,Tablet,1
12,141,Desktop,1
12,221,Desktop,0
12,301,Tablet,1
12,191,Smartphone,1
12,71,Desktop,1
12,31,Desktop,1
12,61,Tablet,1
12,261,Smartphone,0
12,131,Desktop,0
12,51,Desktop,0
12,81,Smartphone,1
12,161,Tablet,0
12,161,Desktop,0
12,231,Tablet,1
12,171,Smartphone,1
12,291,Desktop,0
12,101,Desktop,1
12,211,Tablet,1
12,321,Smartphone,0
12,201,Tablet,1
12,101,Tablet,1
12,131,Tablet,1
12,281,Tablet,1
12,201,Smartphone,1
12,291,Smartphone,0
12,301,Desktop,1
12,11,Tablet,0
12,141,Desktop,0
12,291,Smartphone,1
12,241,Desktop,0
12,101,Smartphone,0
12,191,Smartphone,0
12,261,Desktop,1
12,71,Desktop,0
12,341,Desktop,0
12,41,Smartphone,1
12,111,Smartphone,0
12,111,Tablet,1
12,271,Desktop,1
12,341,Tablet,1
12,231,Desktop,0
12,181,Smartphone,1
12,111,Desktop,0
12,251,Smartphone,0
12,11,Tablet,1
12,21,Tablet,1
12,151,Desktop,1
12,101,Smartphone,1
12,201,Desktop,0
12,211,Smartphone,0
12,301,Smartphone,1
12,201,Smartphone,0
12,341,Smartphone,0
12,11,Desktop,1
12,231,Tablet,0
12,331,Desktop,0
12,11,Smartphone,1
12,311,Desktop,0
12,21,Desktop,1
12,91,Tablet,0
12,01,Smartphone,0
12,21,Smartphone,1
12,321,Tablet,1
12,91,Smartphone,1
12,231,Smartphone,0
12,81,Smartphone,0
12,271,Smartphone,1
12,31,Desktop,0
12,71,Smartphone,1
12,271,Desktop,0
12,01,Tablet,1
12,31,Smartphone,0
12,241,Tablet,0
12,281,Smartphone,0
12,171,Desktop,0
12,121,Desktop,0
12,41,Smartphone,0
12,271,Tablet,1
12,331,Desktop,1
12,341,Desktop,1
12,291,Desktop,1
12,291,Tablet,1
12,61,Desktop,0
12,51,Tablet,1
12,81,Desktop,0
12,331,Smartphone,1
12,61,Tablet,0
12,261,Tablet,0
12,231,Smartphone,1
12,41,Desktop,0
12,111,Smartphone,1
12,21,Smartphone,0
12,331,Tablet,1
12,271,Tablet,0
12,01,Desktop,1
12,151,Smartphone,1
12,311,Smartphone,1
12,281,Desktop,0
12,211,Desktop,0
12,91,Desktop,1
12,41,Tablet,1
12,341,Tablet,0
12,51,Tablet,0
12,51,Desktop,1
12,291,Tablet,0
12,01,Tablet,0
12,331,Tablet,0
12,321,Desktop,0
12,121,Smartphone,1
12,141,Tablet,0
12,91,Tablet,1
12,321,Smartphone,1
12,261,Tablet,1
12,131,Smartphone,1
12,171,Tablet,1
12,221,Desktop,1
12,241,Tablet,1
12,101,Desktop,0
12,51,Smartphone,0
12,81,Tablet,1
12,21,Desktop,0
12,221,Tablet,1
12,341,Smartphone,1
12,301,Smartphone,0
12,181,Smartphone,0
12,01,Desktop,0
12,01,Smartphone,1
12,181,Desktop,0
12,161,Smartphone,0
12,71,Smartphone,0
12,151,Desktop,0
12,141,Smartphone,0
12,251,Tablet,0
12,121,Tablet,1
12,251,Tablet,1
12,301,Desktop,0
12,261,Desktop,0
12,91,Desktop,0
12,121,Desktop,1
12,221,Tablet,0
12,161,Smartphone,1
12,261,Smartphone,1
12,31,Tablet,1
12,131,Smartphone,0
12,31,Smartphone,1
12,241,Smartphone,0
12,71,Tablet,1
12,331,Smartphone,0
12,181,Tablet,1
12,91,Smartphone,0
12,51,Smartphone,1
12,151,Smartphone,0
12,271,Smartphone,0
12,221,Smartphone,1
12,251,Desktop,0
12,221,Smartphone,0
12,181,Tablet,0
12,251,Smartphone,1
12,241,Smartphone,1
12,211,Smartphone,1
11,261,Smartphone,0
11,31,Smartphone,0
11,81,Smartphone,1
11,241,Smartphone,1
11,111,Tablet,1
11,41,Desktop,1
11,41,Smartphone,0
11,281,Desktop,0
11,311,Smartphone,1
11,341,Tablet,0
11,301,Desktop,0
11,51,Tablet,0
11,201,Desktop,0
11,51,Tablet,1
11,41,Tablet,1
11,31,Tablet,0
11,291,Tablet,1
11,321,Smartphone,1
11,61,Tablet,1
11,171,Tablet,1
11,131,Smartphone,1
11,201,Tablet,0
11,161,Desktop,1
11,181,Desktop,0
11,311,Tablet,0
11,61,Tablet,0
11,271,Smartphone,1
11,21,Desktop,1
11,11,Smartphone,1
11,141,Desktop,0
11,251,Smartphone,0
11,21,Tablet,1
11,41,Desktop,0
11,191,Smartphone,1
11,211,Desktop,1
11,31,Desktop,1
11,271,Desktop,0
11,341,Smartphone,0
11,201,Tablet,1
11,221,Desktop,1
11,101,Smartphone,1
11,191,Smartphone,0
11,171,Desktop,0
11,71,Desktop,0
11,331,Tablet,0
11,161,Smartphone,1
11,291,Desktop,0
11,281,Smartphone,1
11,21,Tablet,0
11,71,Tablet,0
11,81,Tablet,1
11,141,Tablet,1
11,321,Smartphone,0
11,161,Smartphone,0
11,161,Tablet,1
11,171,Smartphone,1
11,321,Tablet,1
11,261,Desktop,1
11,211,Tablet,1
11,321,Desktop,0
11,111,Tablet,0
11,81,Desktop,0
11,291,Smartphone,1
11,71,Desktop,1
11,51,Smartphone,1
11,271,Smartphone,0
11,341,Desktop,1
11,281,Smartphone,0
11,11,Desktop,1
11,161,Desktop,0
11,81,Smartphone,0
11,251,Desktop,0
11,311,Smartphone,0
11,31,Smartphone,1
11,21,Smartphone,0
11,261,Tablet,0
11,21,Smartphone,1
11,91,Smartphone,0
11,211,Desktop,0
11,71,Tablet,1
11,301,Smartphone,1
11,211,Smartphone,1
11,71,Smartphone,0
11,111,Smartphone,1
11,01,Desktop,1
11,01,Tablet,0
11,151,Smartphone,0
11,231,Desktop,0
11,181,Tablet,1
11,191,Tablet,1
11,211,Tablet,0
11,91,Smartphone,1
11,01,Smartphone,0
11,181,Smartphone,0
11,11,Tablet,1
11,301,Tablet,1
11,121,Smartphone,0
11,01,Desktop,0
11,11,Tablet,0
11,61,Smartphone,1
11,131,Desktop,0
11,111,Smartphone,0
11,151,Desktop,0
11,121,Desktop,0
11,151,Tablet,1
11,271,Tablet,1
11,341,Tablet,1
11,281,Tablet,1
11,251,Smartphone,1
11,171,Smartphone,0
11,11,Desktop,0
11,261,Tablet,1
11,201,Smartphone,1
11,321,Desktop,1
11,251,Tablet,0
11,231,Smartphone,0
11,341,Smartphone,1
11,21,Desktop,0
11,61,Smartphone,0
11,31,Desktop,0
11,61,Desktop,0
11,141,Smartphone,1
11,231,Smartphone,1
11,291,Smartphone,0
11,71,Smartphone,1
11,121,Tablet,1
11,341,Desktop,0
11,331,Desktop,0
11,221,Desktop,0
11,51,Desktop,0
11,261,Desktop,0
11,251,Tablet,1
11,241,Desktop,0
11,331,Desktop,1
11,41,Smartphone,1
11,311,Tablet,1
11,301,Smartphone,0
11,101,Desktop,0
11,201,Smartphone,0
11,111,Desktop,0
11,01,Smartphone,1
11,231,Tablet,0
11,101,Tablet,1
11,141,Desktop,1
11,121,Smartphone,1
11,91,Desktop,0
11,311,Desktop,0
11,191,Tablet,0
11,231,Tablet,1
11,121,Desktop,1
11,51,Smartphone,0
11,31,Tablet,1
11,241,Smartphone,0
11,91,Tablet,1
11,141,Tablet,0
11,101,Smartphone,0
11,241,Tablet,1
11,191,Desktop,0
11,221,Tablet,1
11,141,Smartphone,0
11,221,Smartphone,1
11,301,Tablet,0
11,131,Smartphone,0
11,221,Smartphone,0
11,261,Smartphone,1
11,251,Desktop,1
11,331,Tablet,1
11,211,Smartphone,0
11,331,Smartphone,1
11,331,Smartphone,0
11,01,Tablet,1
11,11,Smartphone,0
10,331,Desktop,0
10,261,Tablet,1
10,51,Tablet,1
10,201,Smartphone,1
10,01,Tablet,1
10,91,Smartphone,1
10,341,Smartphone,1
10,111,Tablet,1
10,331,Tablet,1
10,111,Smartphone,0
10,231,Desktop,0
10,331,Smartphone,1
10,101,Smartphone,1
10,81,Smartphone,1
10,71,Smartphone,0
10,271,Smartphone,1
10,201,Smartphone,0
10,51,Desktop,0
10,301,Smartphone,1
10,341,Desktop,1
10,21,Desktop,0
10,231,Tablet,1
10,71,Smartphone,1
10,251,Smartphone,0
10,301,Tablet,1
10,321,Desktop,1
10,131,Desktop,1
10,251,Desktop,1
10,41,Desktop,1
10,291,Smartphone,0
10,311,Smartphone,1
10,71,Tablet,1
10,01,Desktop,0
10,151,Smartphone,1
10,331,Desktop,1
10,151,Smartphone,0
10,61,Smartphone,0
10,321,Smartphone,1
10,251,Tablet,1
10,261,Smartphone,1
10,171,Smartphone,1
10,21,Smartphone,1
10,221,Tablet,1
10,261,Desktop,0
10,61,Tablet,1
10,231,Smartphone,1
10,341,Desktop,0
10,31,Tablet,1
10,341,Smartphone,0
10,121,Smartphone,1
10,311,Smartphone,0
10,101,Tablet,1
10,51,Smartphone,0
10,251,Desktop,0
10,161,Smartphone,1
10,21,Smartphone,0
10,341,Tablet,1
10,81,Tablet,1
10,291,Desktop,0
10,101,Desktop,1
10,41,Smartphone,0
10,241,Smartphone,1
10,41,Smartphone,1
10,121,Tablet,1
10,291,Smartphone,1
10,131,Smartphone,1
10,281,Tablet,1
10,131,Tablet,1
10,261,Smartphone,0
10,251,Smartphone,1
10,11,Tablet,0
10,281,Smartphone,1
10,271,Tablet,1
10,61,Desktop,1
10,31,Smartphone,1
10,281,Smartphone,0
10,111,Smartphone,1
10,11,Smartphone,0
10,141,Tablet,1
10,241,Tablet,1
10,331,Smartphone,0
10,01,Smartphone,0
10,211,Tablet,1
10,311,Tablet,1
10,171,Tablet,1
10,291,Tablet,1
10,151,Desktop,0
10,321,Tablet,1
10,191,Tablet,1
10,141,Smartphone,1
10,261,Desktop,1
10,261,Tablet,0
10,141,Desktop,1
10,01,Smartphone,1
10,11,Smartphone,1
10,291,Desktop,1
10,181,Tablet,1
10,11,Tablet,1
10,31,Smartphone,0
10,61,Smartphone,1
10,201,Tablet,1
10,91,Tablet,1
10,321,Smartphone,0
10,51,Smartphone,1
10,151,Tablet,1
10,341,Tablet,0
10,21,Tablet,1
10,41,Tablet,1
10,211,Smartphone,1
1,251,Smartphone,0
1,321,Smartphone,1
1,11,Tablet,0
1,61,Smartphone,0
1,41,Smartphone,1
1,161,Smartphone,0
1,201,Smartphone,0
1,321,Smartphone,0
1,341,Desktop,1
1,311,Smartphone,1
1,261,Smartphone,0
1,91,Smartphone,0
1,341,Tablet,1
1,331,Tablet,0
1,41,Smartphone,0
1,181,Smartphone,1
1,341,Smartphone,0
1,41,Tablet,1
1,241,Tablet,0
1,01,Tablet,1
1,111,Tablet,1
1,221,Tablet,1
1,261,Desktop,1
1,71,Desktop,1
1,301,Tablet,1
1,81,Smartphone,0
1,241,Smartphone,0
1,131,Smartphone,0
1,301,Smartphone,1
1,31,Smartphone,0
1,281,Smartphone,0
1,251,Tablet,0
1,31,Desktop,1
1,01,Smartphone,0
1,201,Tablet,1
1,311,Smartphone,0
1,231,Smartphone,0
1,261,Desktop,0
1,31,Desktop,0
1,341,Tablet,0
1,01,Smartphone,1
1,171,Desktop,0
1,31,Smartphone,1
1,161,Smartphone,1
1,321,Tablet,1
1,51,Tablet,1
1,51,Smartphone,0
1,121,Smartphone,0
1,331,Smartphone,0
1,31,Tablet,1
1,331,Desktop,0
1,81,Smartphone,1
1,141,Tablet,1
1,331,Desktop,1
1,191,Smartphone,1
1,301,Smartphone,0
1,141,Desktop,1
1,51,Smartphone,1
1,01,Tablet,0
1,291,Smartphone,0
1,261,Tablet,1
1,61,Tablet,1
1,311,Tablet,1
1,101,Tablet,1
1,101,Smartphone,0
1,21,Smartphone,0
1,91,Tablet,1
1,151,Tablet,1
1,141,Smartphone,1
1,251,Smartphone,1
1,221,Desktop,1
1,141,Smartphone,0
1,331,Tablet,1
1,271,Smartphone,0
1,81,Desktop,0
1,211,Tablet,1
1,261,Tablet,0
1,51,Desktop,1
1,211,Smartphone,0
1,241,Smartphone,1
1,161,Tablet,0
1,341,Desktop,0
1,331,Smartphone,1
1,21,Smartphone,1
1,11,Smartphone,0
1,51,Desktop,0
1,271,Smartphone,1
1,71,Smartphone,0
1,181,Smartphone,0
1,221,Smartphone,0
1,101,Desktop,1
1,261,Smartphone,1
1,91,Smartphone,1
1,341,Smartphone,1
1,31,Tablet,0
1,251,Desktop,0
1,291,Tablet,1
1,111,Smartphone,0
1,121,Desktop,0
1,11,Tablet,1
1,11,Desktop,0
1,251,Tablet,1
0,61,Smartphone,1
0,181,Smartphone,1
0,341,Smartphone,1
0,111,Tablet,1
0,21,Desktop,1
0,111,Smartphone,0
0,241,Smartphone,1
0,261,Smartphone,0
0,141,Smartphone,1
0,271,Tablet,1
0,221,Smartphone,0
0,21,Tablet,1
0,331,Desktop,1
0,81,Smartphone,1
0,71,Tablet,1
0,321,Tablet,1
0,231,Smartphone,1
0,261,Tablet,1
0,31,Desktop,1
0,61,Tablet,1
0,181,Tablet,1
0,01,Tablet,1
0,191,Smartphone,1
0,51,Desktop,1
0,331,Tablet,1
0,211,Desktop,1
0,231,Tablet,1
0,241,Tablet,1
0,331,Tablet,0
0,81,Tablet,1
0,311,Smartphone,1
0,31,Smartphone,0
0,191,Tablet,1
0,91,Smartphone,1
0,121,Desktop,0
0,81,Desktop,1
0,101,Tablet,1
0,91,Tablet,1
0,331,Smartphone,1
0,111,Smartphone,1
0,291,Smartphone,1
0,211,Smartphone,1
0,291,Tablet,1
0,21,Smartphone,1
0,41,Tablet,1
0,331,Desktop,0
0,151,Smartphone,1
0,131,Tablet,1
0,251,Smartphone,1
0,261,Desktop,0
0,31,Smartphone,1
0,321,Smartphone,1
0,141,Tablet,1
0,171,Tablet,1
0,151,Tablet,1
0,301,Desktop,1
0,21,Smartphone,0
0,261,Smartphone,1
0,341,Tablet,0
0,301,Tablet,1
0,251,Smartphone,0
0,171,Smartphone,1
0,01,Smartphone,1
0,341,Desktop,1
0,251,Tablet,1
0,121,Tablet,1
0,301,Smartphone,1
0,31,Tablet,1
0,01,Desktop,1
0,261,Desktop,1
0,51,Smartphone,1
0,11,Smartphone,1
0,341,Tablet,1
0,121,Smartphone,1
0,271,Smartphone,1
0,91,Desktop,1
